label,# contigs,Total length,Largest contig,N50,NGA50,# misassemblies,Genome fraction (%),Duplication ratio,# mismatches per 100 kbp,# indels per 100 kbp
short_10x,269,4554652,181763,37753,35106,10,97.889,1.001,22.21,0.97
short_20x,87,4558219,414105,132704,112487,5,98.1,1.0,3.82,0.44
short_30x,76,4558864,414105,139821,132704,5,98.13,1.0,1.49,0.24
long_10x,64,4651795,364004,184555,172313,9,97.904,1.004,49.44,120.04
long_20x-rep43,12,4723465,1797655,1001953,496619,8,99.665,1.001,5.81,36.25
long_20x,6,4726948,2058693,1535391,941673,9,99.794,1.001,6.02,36.62
long_30x-rep43,8,4738698,3806532,3806532,941708,10,99.829,1.001,1.9,26.21
long_30x,6,9462452,3274133,3274130,-,0,22.097,1.994,1.08,33.44
hybridspades_s30_l20,8,4618025,1557878,1380552,791981,6,99.428,1.0,4.14,0.59
polish_s30_l20,6,4728216,2059237,1535806,941908,9,99.794,1.001,2.35,1.88
