label,gb_short,gb_long,cost_usd,cost_usd_if_long_10Gb,N50,NGA50,misassemblies,genome_fraction,mismatches_100kb,indels_100kb
short_10x,0.046,0.0,8.78,8.78,37753,35106,10,97.889,22.21,0.97
short_20x,0.093,0.0,17.56,17.56,132704,112487,5,98.1,3.82,0.44
short_30x,0.139,0.0,26.34,26.34,139821,132704,5,98.13,1.49,0.24
long_10x,0.0,0.046,1.08,3.25,184555,172313,9,97.904,49.44,120.04
long_20x-rep43,0.0,0.093,2.17,6.5,1001953,496619,8,99.665,5.81,36.25
long_20x,0.0,0.093,2.17,6.5,1535391,941673,9,99.794,6.02,36.62
long_30x-rep43,0.0,0.139,3.25,9.75,3806532,941708,10,99.829,1.9,26.21
hybridspades_s30_l20,0.139,0.093,28.51,32.84,1380552,791981,6,99.428,4.14,0.59
polish_s30_l20,0.139,0.093,28.51,32.84,1535806,941908,9,99.794,2.35,1.88
