assembly,n_gaps,missing_bp,missing_pct,bp_in_rRNA,bp_in_tRNA,bp_in_mobile_genetic_element,bp_in_repeat_region,GC_missing
short_10x,53,34789,0.75,108,41,3117,0,0.529
short_20x,18,19391,0.42,136,60,3418,0,0.509
short_30x,17,19652,0.42,136,60,3146,0,0.512
long_10x,40,95079,2.05,0,242,11199,0,0.475
long_20x-rep43,7,13195,0.28,0,0,2589,0,0.466
long_20x,3,7896,0.17,0,0,0,0,0.412
long_30x-rep43,3,6281,0.14,0,0,0,0,0.397
long_30x,7,1124685,24.23,4566,1649,20201,0,0.513
hybridspades_s30_l20,4,16540,0.36,1142,85,965,0,0.506
polish_s30_l20,3,7896,0.17,0,0,0,0,0.412
